id,category,question,answer,url,keywords
Q001,一、選課相關,如何加退選課程？,請參閱教務處網頁【學生專區】:選課系統說明 > 如何登入選課系統進行選課,https://www.youtube.com/watch?v=aAgqg-4zGyU,一、選課相關 教務處 待分派
Q002,一、選課相關,選課系統按下「完成本階段選課」之後，我還可以繼續選嗎？,如已按下「完成本階段選課」，表示您已確認本階段選課，無法再進行課程加退異動。,https://www.youtube.com/watch?v=aAgqg-4zGyU,一、選課相關 教務處 待分派
Q003,一、選課相關,我一定要按「完成本階段選課」鍵嗎？不按會怎樣？,不一定。若不按「完成本階段選課」，在當日選課時間結束前仍可繼續調整課程。若按下「完成本階段選課」，則代表已完成該階段選課，之後即無法再修改。,,一、選課相關 教務處 待分派 1151註冊選課手冊.pdf頁-32
Q004,一、選課相關,最低／最高修課學分是多少？,"關於學分數上限，一般學生每學期最多可修 22 學分（法律系學生上限則為 25 學分）。若符合特殊條件，可以額外提高上限：輔系生可加修 4 學分；雙主修生或前一學期學業總平均達 80 分以上的同學，則可額外加修 6 學分。
至於每學期的最低修課學分要求，日間部與進修學士班一至三年級同學至少需修滿 16 學分，四年級同學則至少需修滿 8 學分。",https://drive.google.com/file/d/170jRctgdF6LcrfrQlEHHyXeWKEy1QYSJ/view?usp=drive_link,一、選課相關 教務處 待分派
Q005,一、選課相關,可以超修或減修嗎？如何申請？,"超修：
1.大學部學生：依選課辦法第3條規定，上學期成績80分(含)以上，可加修6學分或6小時課程。
2.研究所學生：博士班、碩士班經系所主管核可，可加修1門課程。
3.無需申請，可直接於選課第三階段進行加選。

減修：
自115學年度起已取消減修制度，學生每學期修課學分不得低於規定下限。大學部一至三年級每學期最低16學分、四年級最低8學分。若選課低於最低學分，且於加退選截止後一週內仍未補足，依規定應令休學。",,一、選課相關 教務處 待分派 B11 世新大學選課辦法(教務會議115.5.7).pdf
Q006,一、選課相關,可以上修嗎?,原則上課程不開放上修，針對單一課程可詢問開課單位是否有上修機會。,,一、選課相關 教務處 待分派
Q007,一、選課相關,可以跨校/系選課嗎？,"跨校選課(校際選課)：
本校實施校際選課，以教育部認可之國內公私立大學、獨立學院及其研究所為範圍；每學期修習學分數以八學分為限(經政府、學校推薦、遴選之學生不在此限)，修習課程學分數應併入當學期學分計算。經核准選修他校課程之學生仍須於本校選課時限內，依相關規定完成選課登記手續，未將申請表送回教務處註冊課務組者，不承認其校際(跨校)選課學分。

跨系選課：
本校學生得選修本系、所、及學位學程課程表外之他學系、所及學位學程相關課程，唯必須先將本學系、所、學位學程、本年級課程表必修及應修之選修課程選齊。前述單位若有特殊選課規定，例如：不得上修、擋修、限本學系(學位學程)學生修讀、外學系(學位學程)學生不可選修、任課教師特殊要求者等)，學生須向各學系、所及學位學程查詢及確認。",,一、選課相關 教務處 待分派 世新大學校際選課作業辦法
Q008,一、選課相關,全學年的課程，單一學期被當要怎麼辦?,全學年課程缺上補上、缺下補下，補完後即可獲得全學年學分。,,一、選課相關 教務處 待分派
Q009,一、選課相關,課程衝堂怎麼辦？,"依據世新大學選課辦法規定，本校學生所修讀之課程，其上課時間不得衝突(含不同學制)。如有衝突者，衝突課程，其學期成績均以零分計算，故應改選其他時間不衝突的科目。若與本年級必修課衝堂，則應以必修為優先。

另因跨系、雙主修或輔系導致衝堂者，則需審慎衡量輕重緩急，並以本系之課程修讀為重，若當學期無法修讀，則另擇它學期進行。",,一、選課相關 教務處 待分派 世新大學選課辦法
Q010,一、選課相關,必修課可以延後修嗎？,"依據世新大學選課辦法第六條規定：「....且本學系、所及學位學程開設之必修課程,學生以在該年級、該班級修讀為原則。各學系、所、學位學程若有特殊之選課規定(如:不得上修、擋修、限本學系(學位學程)學生修讀、外學系(學位學程)學生不可選修、任課教師特殊要求者及各學系、所及學位學程之系、所及學位學程單位規定必、選修群組課程),學生須向各學系、所及學位學程查詢;必、選修課程如有上述特殊之選課規定,由各學系、所及學位學程單位自行決定;學生如有自行加選或確有不符規定之情形,各學系、所及學位學程單位得逕行予以刪除課程或自行配班,學生不得有異議。」",https://drive.google.com/file/d/170jRctgdF6LcrfrQlEHHyXeWKEy1QYSJ/view,一、選課相關 教務處 待分派
Q011,一、選課相關,課程可以抵免嗎？,"課程可以申請抵免！抵免對象主要以轉學生、重考生、重新入學或交換生等「入學前已取得學分」的同學為主。
抵免申請必須在入學或轉學當學期的指定期限內完成，逾期學校將不受理。辦理時，請登入「山洞口」進入「學生教務系統」，找到「SC0118 學生申請課程抵免設定」進行線上申請，並記得上傳原校的歷年成績單與課程大綱，以供系所進行實質審核。",,一、選課相關 教務處 待分派 抵免學分辦法
Q012,一、選課相關,暑修、跨系、跨校選課如何申請？,"暑修：
本校暑修開班上課，以接受本校學生為原則。凡大學部(含二年制專班、進修學士班及學位學程)畢業班學生只欠該(1門)課程即可畢業者，滿10人可提出申請；非畢業班學生每課程滿15人即可提出申請，如未達開班人數之課程但必須開設者，其不足之費用差額，應另由修課學生共同分攤。參加暑修之大學部(含進修學士班及學位學程)學生，所修學分總數不得超過9學分，惟應屆畢(結)業生得酌予增加5學分；碩士在職專班不得超過6學分。相關申請作業規定，每年5月由教務處逕行於網頁公告全校。

跨校選課(校際選課)：
本校實施校際選課，以教育部認可之國內公私立大學、獨立學院及其研究所為範圍；每學期修習學分數以八學分為限(經政府、學校推薦、遴選之學生不在此限)，修習課程學分數應併入當學期學分計算。經核准選修他校課程之學生仍須於本校選課時限內，依相關規定完成選課登記手續，未將申請表送回教務處註冊課務組者，不承認其校際(跨校)選課學分。

跨系選課：
本校學生得選修本系、所、及學位學程課程表外之他學系、所及學位學程相關課程，唯必須先將本學系、所、學位學程、本年級課程表必修及應修之選修課程選齊。前述單位若有特殊選課規定，例如：不得上修、擋修、限本學系(學位學程)學生修讀、外學系(學位學程)學生不可選修、任課教師特殊要求者等)，學生須向各學系、所及學位學程查詢及確認。",,一、選課相關 教務處 待分派 世新大學寒暑假開班授課實施辦法
Q013,一、選課相關,雙主修、輔系、學程如何修習？,"雙主修：
本校學生符合各學系、學程設置雙主修所列之條件者，得自二年級起至四年級
加修與本學系、學程性質不同學系為雙主修，但以一次為限。應於各年級前一學期提出申請(擬於四年級加修雙主修者，至遲應於三年級第二學期提出申請)，並於取得雙主修就讀資格後，第一學年第一學期始修讀雙主修課程。因故無法繼續修習者，得於每學期開學日後提出放棄申請，截止期限：第一學期為 11 月 30 日，第二學期為 4 月 30 日。

輔系：
本校學生符合各學系設置輔系所列之條件者，得自二年級起至四年級加修輔系，但以一次為限。應於各年級前一學期提出申請(擬於四年級加修輔系者，至遲應於三年級第二學期提出申請)，並於取得輔系就讀資格後，第一學年第一學期始修讀輔系課程。選修輔系學生，至少應修畢輔系所規定之專業(門)科目20學分。學生修習輔系課程，於規定修業年限內學校需另行開班，應繳交學分費。但因加修輔系而延長修業年限，其學期修習學分數在9學分以下者，應繳交學分費；在10學分以上者，應繳交全額學雜費。

學程：
主要採線上申請，各學程單位均依公告時間，開放系統讓學生登入登記。申請前須先至世新大學學分學程網詳閱各學程的申請條件與課程計畫表，若個別學程有額外規定繳交資料（如修讀計畫、作品等），則需另外繳交予主辦學系連絡人。",,"一、選課相關 教務處 待分派 (1)世新大學學生修讀雙主修辦法



(2)世新大學學生修讀輔系辦法


(3)世新大學學程設置辦法"
Q014,一、選課相關,畢業學分還缺哪些？,除校訂必修外，各院系訂定之必/選修學分數均有不同規範，同學可參考當年入學年度之四年課程規畫表自行計算，如有學分數認定上之疑問，請洽所屬系辦公室。,,一、選課相關 教務處 待分派
Q015,一、選課相關,必修課可以換班嗎?,"依據世新大學選課辦法第六條規定：「....且本學系、所及學位學程開設之必修課程,學生以在該年級、該班級修讀為原則。各學系、所、學位學程若有特殊之選課規定(如:不得上修、擋修、限本學系(學位學程)學生修讀、外學系(學位學程)學生不可選修、任課教師特殊要求者及各學系、所及學位學程之系、所及學位學程單位規定必、選修群組課程),學生須向各學系、所及學位學程查詢;必、選修課程如有上述特殊之選課規定,由各學系、所及學位學程單位自行決定;學生如有自行加選或確有不符規定之情形,各學系、所及學位學程單位得逕行予以刪除課程或自行配班,學生不得有異議。」",https://drive.google.com/file/d/170jRctgdF6LcrfrQlEHHyXeWKEy1QYSJ/view,一、選課相關 教務處 待分派
Q016,一、選課相關,選不到課，可以加簽嗎?,無加簽制度，需在選課時間內利用系統選課。,,一、選課相關 教務處 待分派
Q017,一、選課相關,選課系統按回到上一頁課程就不見該怎麼辦?,經測試系統並無問題，應是學生個人操作的方式有誤，相關疑問可親洽詢教務處。,,一、選課相關 教務處 待分派
Q018,一、選課相關,為什麼選課系統第一頁的學分審核跟我自己算的不一樣?,"選課系統第一頁的學分審核，是依全校一致的學分審核原則進行系統判定；惟各系課程及學分認定，可能因課程調整、改制或新舊課程之認抵規定不同而有所差異，因此系統顯示的審核結果可能與您自行計算的學分數有所不同。

如對學分認定或課程抵免有疑義，建議先洽詢所屬系辦確認；如仍有疑問，再請洽教務處註冊課務組協助。",,一、選課相關 教務處 待分派
Q019,一、選課相關,為什麼選課系統要設計最後的確認按鈕?實用性 / 必要性在哪裡?,選課系統設計「最後確認按鈕」是為了保障學生的選課權益。這個動作能防止誤觸選錯，並在送出時一次性幫您檢查衝堂、超修或額滿等問題，後台也會留下明確的送出時間紀錄作為權責依據；同時也能減輕選課高峰期的伺服器負擔，避免系統當機。選完課請務必按下確認鍵，才能確保課程順利送出。,,一、選課相關 教務處 待分派
Q020,一、選課相關,選課系統按了確定之後可以換課嗎?,若指的是勾選完欲選課程後，按下「確定送出」，送出後於當日開放選課時間內，仍可繼續加選或退選課程；但若已按下「完成選課」或「完成本階段選課」，即無法再於該階段調整課程。,,一、選課相關 教務處 待分派 1151註冊選課手冊.pdf頁-32
Q021,一、選課相關,研究所學分都修完了，我可以不選課嗎？,研究所每學期學分下限為3學分，如果無需修課，請選「論文寫作」課程。該課程為學位口試必修，無實體課程，日間學制延畢後僅收一次學分費，在職專班亦僅收第一次選課的學分費，後面皆不重複收費。,,一、選課相關 教務處 待分派
Q022,一、選課相關,「論文寫作」是什麼？一定要選嗎？,"「論文寫作」課程是碩士班學生撰寫畢業論文的重要課程，為取得碩士學位畢業資格之必要條件。
一、修課時間：本課程應於預計畢業之當學期修習，系統通常預設於碩士班二年級下學期開設。
二、修課條件：學生須於該學期依系所規定修畢應修學分，並依規定進行論文指導。
三、指導教授：學生應依系所相關規定確認論文指導教授，並於論文撰寫期間接受指導。
四、畢業資格：完成「論文寫作」課程及其他畢業相關要求後，始得依本校及系所規定辦理碩士論文口試及畢業相關事宜。",https://drive.google.com/file/d/1PyHJELw9anoeO4MRhHuPPsIZBUhIU7K3/view,一、選課相關 教務處 待分派
Q023,一、選課相關,輔修課程要怎麼選？,"本校輔修課程，其應修科目、學分數、申請條件及名額，由學士班各學系(組)、學位學程訂定後公告。學生修讀輔修課程，至少應修畢輔修他系所規定之專業科目20學分，其學分內含於主修學系規定最低畢業學分數。

本校學士班三年級以下學生申請輔修另一學系，應於每學年度第二學期規定時間內申請，並於次學年度起具備修讀資格。學生已申請輔修之學系不得再另申請為輔系或雙主修。",,一、選課相關 教務處 待分派 世新大學學生輔修課程實施要點
Q024,一、選課相關,我要如何從開課一覽表中，查看全校課程的選課限制身份？,請於欄位「學科名稱[課程大綱]」中點選英文課程名稱旁的「條件...」小方框，將會顯示該課程開放的學制、系別、年級。,,一、選課相關 教務處 待分派 1151註冊選課手冊.pdf
Q025,一、選課相關,選課的「其他」 和 畢業審核的「其他」定義不一樣,"不一樣。選課系統的【其他領域】是選課時的課程分類，包含自己系所其他年級的選修課、外系選修課，以及輔系、雙主修、學程等課程，因此重補修其他年級課程時，也需要從【其他領域】選課。

畢業審核的【其他】則是畢業學分的分類，哪些課會被列入【其他】，會依各系所及入學年度的畢業規定判定。簡單來說，選課的【其他】是「去哪裡找課」，畢業審核的【其他】是「學分最後被歸在哪一類」。",,一、選課相關 教務處 待分派 1151註冊選課手冊.pdf
Q026,一、選課相關,為什麼通識課只能修兩門？,"依本校通識課程選課規定，每學期可選修1至2門通識課程。
此項規定主要是為保障學生通識課程選修權益，並以優先修習及完成畢業所需之不同通識領域為原則，讓學生能均衡修習各領域課程。",,一、選課相關 教務處 待分派 115-1 選課手冊-P37
Q027,一、選課相關,為什麼校必修重修改成通識課，又會占用通識課選修數以及領域的名額呢？我因此無法畢業要怎麼辦？,"校必修改由通識中心開課後，系統會自動納入通識學分體系計算，故會佔用通識總額與領域配額。
若影響畢業且無法人工採計，學生須於後續學期另行加選符合規範的通識課程補足學分，以滿足畢業條件。",,一、選課相關 教務處 待分派
Q028,一、選課相關,為什麼我申請了輔修，但無法像雙主修、輔系生一樣獲得額外的修課名額？,"輔系與雙主修是128畢業學分之外,外加輔系20學分與雙主修40學分；輔修是內含於128學分之內。
各學系有開放一定比例的名額提供輔系、雙主修及外系(含輔修)選課，但沒有保障名額。",,一、選課相關 教務處 待分派
Q029,一、選課相關,為什麼我申請輔系或雙主修，必修沒有確保我一定可以選到？,輔系與雙主修無法保證選到必修，主要是因課程名額需優先保障該系的本系生順利畢業。在教室容量與教學資源有限的情況下，開放給輔雙學生的名額自然會有所限制，需視各科目的剩餘配額而定。,,一、選課相關 教務處 待分派
Q030,一、選課相關,「停開課補選」是每個人都可以選課的意思嗎？,「停開課補選」為第一階段選課人數未達30人之課程停開，經系統於停開課補選日期前發信通知之學生，才能於本階段進行選課,,一、選課相關 教務處 待分派 選課作業時間表
Q031,一、選課相關,低於學分下限無法退選怎麼辦?,"世新大學規定學生每學期必須修滿最低學分下限（一至三年級16學分、四年級8學分），若未達下限將無法完成註冊，須辦理休學。
因此若因學分低於下限而無法線上退選，必須在加退選截止前加選其他課程補足學分；若有特殊狀況無法選課，則需直接聯繫教務處註冊課務組尋求專案協助處理。",,一、選課相關 教務處 待分派 B11 世新大學選課辦法(教務會議115.5.7).pdf
Q032,一、選課相關,選修課開不成怎麼辦？,若選修課因未達開課人數或其他原因開不成，學校會於各年級選課結束後辦理停開，並通知原選該課程者，可於指定的後續階段（如第二階段-課程停開補選）登入世新大學選課系統，改選其他系內選修或外系選修。,,一、選課相關 教務處 待分派 115-1 註冊選課手冊-P21
Q033,一、選課相關,(研究所)我應該怎麼規劃我的修課？,"請先查看「入學學年度」所屬系所的課程計畫表及研究生相關規定，確認畢業總學分、必修／選修學分及其他畢業條件，再依各學期開課情形安排課程。各系所的畢業學分及修課規定可能不同，請以入學年的課程計畫表規定為主。

如仍不確定必、選修課程應如何安排，建議直接洽所屬系所確認。",,一、選課相關 教務處 待分派
Q034,一、選課相關,我要重補修課程，但課程名稱好像換了，我要怎麼知道校 / 院 / 系各種必修課程重補修新課名？ 哪裡可以統一查詢？,"先至世新選課地圖查詢，選擇「入學學年度」與「系所組別」，檢視原本應修的四年課程計畫與必修科目表。另至「學期開課一覽表」，比對目前實際開出的對應新課程名稱與課程大綱，備註處亦可查詢。

再者，可查閱註冊選課手冊，每學期於教務處或各系(開課單位)網頁公告（例如通識、國文、運算思維等校訂必修，若有大幅修訂，亦公告於此），手冊內通常會專章說明舊課名與新抵免/重補修對應規則。若新/舊課名對照在系統上不明確或遇到額滿、擋修狀況，應直接向所屬系所辦公室聯繫。",,一、選課相關 教務處 待分派
Q035,一、選課相關,選課時發現要重補修的課選不進去，詢問後說是要最後階段才會開放名額，哪邊可以事先查詢這類資訊呢？資訊不公開流通的情況下會影響我的手速？,"重補修課程延至最後階段開放，主要是為了優先保障本系生及本年級生的選課權益。
相關資訊可透過以下管道預先查詢：
課務組與系所官網：預先參閱各學期選課手冊、選課時程表及相關公告。
選課系統課程備註：於選課系統查詢該課程時，點閱「選課限制」或「備註」說明。
此外，此類名額於最後階段由系統統一釋出，選課成功與否取決於剩餘名額與送出時間，並無資訊不公開而影響個人手速之問題。",,一、選課相關 教務處 待分派
Q036,一、選課相關,為什麼選課最後階段退課跟加課只有一次？我下定決心退課結果加不到課，影響我畢業怎麼辦？,"學校為維護選課系統公平，防止學生以巨集或過高頻率（如單日超過250次點擊）癱瘓系統，同時管控修課人數，以確保教室容量與教學品質。並保障基本學分，防止學生一時退掉過多課程，導致學分低於畢業或修業門檻。

若退課後因額滿加不到課、面臨學分不足或無法畢業，請立即檢視是否低於最低修課學分（大一至大三16學分、大四8學分），並在加退選期限內改選其他本系或外系有餘額的課程，同步達到跨域學習的多元目標。",,一、選課相關 教務處 待分派
Q037,一、選課相關,為什麼第三階段加退選不能維持一週作業期？採當天退課、隔天0點名額回流，不僅能提升課表調整彈性，也能避免延畢與賣課爭議。,目前第三階段退選時程維持六天，是讓同學至少上過第一週的課程，聽完授課老師的課程大綱介紹後，認為非自己預期的課程而退選；第七天才統一進行加選。,,一、選課相關 教務處 待分派
Q038,一、選課相關,OO課什麼時候確定能不能開成？,教務處於第一階段選課結束後，於第二階段「停開課補選」前將統計未達開課人數下限之課程，未達開課人數下限的課程除設定停開外，另會MAIL通知原有修習停開課程的同學，於「停開課補選」期間進行補選,,一、選課相關 教務處 待分派
Q039,一、選課相關,延畢生要怎麼選課？何時選課？選完之後是否可以調整課程？,"延畢生在學校的正式用語為「延修生」。延修生的選課方式與一般在校生不同，須填寫「延修生選課單」，並於系所規定的期限內繳交，由系辦協助辦理選課；實際收件日期請依各系所通知為準。
選課後如需更改課程，請向系辦公室確認能否進行調整。",,一、選課相關 教務處 待分派 世新大學115-1註冊選課手冊(頁-7)
Q040,一、選課相關,為什麼最後一階段退課要退一個禮拜，這樣我最後一階段選不到課怎麼辦？,開學後一週的退選期間，是讓同學實際上課後，再確認是否繼續修讀，因此這一階段僅開放退課，不開放加課。退選期間結束後，還會再開放一次加選機會，同學可依當時釋出的課程名額進行加選。,,一、選課相關 教務處 待分派
Q041,一、選課相關,選課系統算出來的已取得學分為什麼是錯的？,"系統顯示的學分數，可能因為以下情況與你預期的不同：
同一門課程重複修讀，僅採計一次及格成績的學分
全學年課程只修習其中一學期，該學期學分原則上不列入畢業學分
抵免學分認列的類別，可能與原課程性質不同
暑修學分不計入該學期學分數，但會併入畢業學分及畢業成績計算
以「Pass／Fail」方式計分之科目，不列入計算平均成績的學分總和
若確認系統顯示的學分數有誤，建議攜帶歷年成績單，親洽教務處註冊課務組協助複核與說明。",,一、選課相關 教務處 待分派 世新大學學則、選課辦法、抵免辦法
Q042,一、選課相關,我要去哪裡查詢選課時間？,請至世新大學教務處網站→學生專區→ 選課時程，或查閱當學期『註冊、選課手冊』，即可查詢各階段選課時間。,https://oaa.web.shu.edu.tw/,一、選課相關 教務處 待分派
Q043,一、選課相關,為什麼通識課第二門有名額上限？上限是多少呢？我要怎麼知道上限已額滿？,"關於通識課第二門的名額限制，主要是為了保障全校同學的選課權益，避免少數同學一次佔用過多資源。
每門課的人數上限會依據課程性質與教室容量調整，一般班級大約落在 50 至 70 人左右，實際名額請以選課系統為準；同時也提醒您，大學四年通識課程的採計上限總共是 34 學分。
課程是否額滿，可以直接登入「山洞口」選課系統查看，課程清單上都會清楚標示「已選人數/限額人數」。如果在點選加選時系統跳出「名額已滿」的提示，就表示該門課目前已經沒有空位。",,一、選課相關 教務處 待分派 1151註冊選課手冊.pdf
Q044,一、選課相關,暑修怎麼申請？我怎麼知道暑修有開哪些課？,暑修申請資訊於每年五月中下旬公告於教務處網頁(課務業務→學生課務公告)，有意申請暑修的學生可至網頁查詢相關資訊。,https://oaa.web.shu.edu.tw/6536/%e5%85%ac%e5%91%8a114%e5%ad%b8%e5%b9%b4%e5%ba%a6%e6%9a%91%e6%9c%9f%e9%96%8b%e7%8f%ad%e7%94%b3%e8%ab%8b%e4%ba%8b%e9%a0%85,一、選課相關 教務處 待分派
Q045,一、選課相關,如果選的課不喜歡，選的課可以退嗎？,只要退課或停修後該學期學分仍達下限（大一到大三16學分、大四8學分），在加退選時間可自行退課，或是期中辦理停修。,,一、選課相關 教務處 待分派
Q046,一、選課相關,我已經先繳了學分費，後面還有加退選的話費用怎麼處理？,"關於學分費的部分，加退選結束後學校會進行「多退少補」的二次對帳：
退選（學分減少）： 多繳的費用會退還（請至「學生資訊系統」確認已設定好個人銀行/郵局帳戶）。
加選（學分增加）： 需列印補繳單完成補繳。
相關通知與撥款/補繳程序，通常會在加退選結束後數週（約期中考前後）由總務處出納組公告辦理。",,"一、選課相關 教務處 待分派 登入世新大學 「山洞口」 系統
路徑： 點選 繳費單查詢與列印(學生) ➔ 加退選補繳費"
Q047,一、選課相關,我必修課沒有通過，但是後面必修課就取消了，我該怎麼辦？,"必修課如因配合系所發展有所調整，各系均設有「對等課程」供重補修學生修習。
同學可至系辦詢問重補修課程之相關資訊。",,一、選課相關 教務處 待分派
Q048,一、選課相關,二年課表裡面的課都會開嗎？,課表為各系規劃適合該學位的課程，並從中開課，非表上全都開課。,,一、選課相關 教務處 待分派
Q049,一、選課相關,課程改名過後再修還算學分嗎？,課程名稱、學分相同之課程，已修讀及格，重複修讀多次以上，僅承認其一次及格成績之學分為畢業學分。,,一、選課相關 教務處 待分派 B11 世新大學選課辦法(教務會議115.5.7).pdf
Q050,一、選課相關,為什麼不能申請減修?,"因應本校修課及選課制度調整，115學年度起已不再受理一般減修學分申請，學生仍應依各年級每學期最低修課學分規定辦理選課。
學生若未依規定辦理選課或所選學分數低於規定者，應令休學。",,一、選課相關 教務處 待分派 世新大學選課辦法
Q051,一、選課相關,第三階段選課，為什麼前六天只能退選，加選只能在最後一天?為什麼不能加選、退選並行? 如擔心課程買賣，只要延後退選課程名額回流時間即可啊!,"第三階段退選時程維持六天，是讓同學至少上過第一週的課程，聽完授課老師的課程大綱介紹後，認為非自己預期的課程而退選；第七天才統一進行加選。
加退選不併行的設計，是要避免學生買賣課程行為。",,一、選課相關 教務處 待分派
Q052,二、實習相關,實習可以用工讀抵免嗎？,不行。教育部明確表示，實習屬於課程的一部分，學校應根據課程的專業性質，結合學生未來就業和職涯發展所需技能予以規範，而打工(工讀)是學生課後自主行為，實習和打工合約應該要明確區隔，兩者不應該混淆。工讀屬學生課餘自主性質之勞務行為，並非依課程規劃、學習計畫及輔導機劃制執行之教育訓練，故不具備實習課程之本質要件，不能以工讀時數折算或抵免實習時數／學分。一,,"二、實習相關 待分派 教育部113年12月30日臺教技通字第1132303690號
大專校院推動學生校外實習課程作業參考手冊"
Q053,二、實習相關,實習單位如何尋找？,"系所會提供合作機構名單供學生選擇；若學生想自行尋找實習機構，應將機構名單及實習工作環境等文件表單，儘早繳交系辦，院系需要時間評估機構之安全性、專業相符度等項目，並經校外實習委員會審核通過。再由學校與合作機構簽定合約及確認保險後，方能實習，不可自行洽妥實習機構後，就逕至前往實習。
另須留意，機構若最近發生重大職業災害，或有違反勞動基準法之紀錄，或屬人力派遣公司性質，原則上不得作為實習機構。",,二、實習相關 待分派 依「專科以上學校產學合作實施辦法」第6條、第6條之1、第6條之2
Q054,二、實習相關,實習合約何時繳交？,依教育部規範，實習合約應於學生正式開始實習前完成簽訂。請於15天前送交系辦，協助完成合約用印程序。,,二、實習相關 待分派 依「專科以上學校產學合作實施辦法」第6條、第6條之1、第6條之2
Q055,二、實習相關,保險如何辦理？,"自115學年度起，實習保險投保區分『一般型』與『工作型』二類保險
一般型（無僱傭關係）：教學單位應於實習前為學生投保校外實習團體傷害保險，並負擔保險費用。
工作型（具僱傭關係）：除前項團體傷害保險外，合作機構應依法為學生辦理勞工保險、勞工職業災害保險、就業保險、全民健康保險及提繳勞工退休金。",,二、實習相關 待分派 依「專科以上學校產學合作實施辦法」第6條、第6條之1、第6條之2
Q056,二、實習相關,實習時數如何認定？,"教育部訂定1學分至多可實習80小時，實習時數之採計依各系所校外實習辦法辦理。
實習時數之認定：
1.可填寫出缺席紀錄表，由實習機構輔導老師依學生實際出缺勤情況填報，再由系上指派之實習輔導教師定期查核或訪視確認，作為時數認定及書面審查之佐證依據。
2.或採計實習合約書載明之實習時數。",,二、實習相關 待分派
Q057,二、實習相關,實習報告及成果如何繳交？,實習報告及成果之繳交方式、格式及期限，請依教師教學授課大綱所規定方式辦理。,,二、實習相關 待分派
Q058,二、實習相關,可以實習完才補申請實習課嗎？,"不行。實習課程一定要「先申請、後實習」，不能倒過來。
其原因是實習機構要先經系上委員會評估、審議通過，以保障學生的學習安全權益。如學生自己先去實習，未經系委員會審核、未簽合約及保險，萬一學生發生職災或糾紛，學校和機構都很難處理。",,二、實習相關 待分派
Q059,二、實習相關,已經開始實習才找系辦保險可以嗎?,"不行。實習保險應在學生實習開始日前，完成投保，不能實習後補辦。保險是保障學生實習期間的意外或職災風險。
如學生實習後才申請投保，就形成空窗期。空窗期間學生受傷或出意外，保險公司是不會理賠。且依規，機構審核、實習合約、保險投保都要在實習前完成。",,二、實習相關 待分派 依「專科以上學校產學合作實施辦法」第6條、第6條之1、第6條之2
Q060,二、實習相關,實習中途遇到狀況該如何向學校反應與解決？,"學生反映實習狀況時，應先了解問題性質（一般適應困難或涉及勞動權益、安全、性騷擾等情事），並由輔導教師或系辦主動介入了解、聯繫機構，不宜要求學生自行協商；同時調閱實習契約，比對實際工作內容與個別實習計畫是否相符，並確認機構是否依規辦理相關保險及勞動權益事項。涉及重大爭議、終止或轉換實習者，應提報學生校外實習委員會審議，不由承辦人單獨決定；性騷擾等情事應依校內性平機制通報處理。
處理過程之學生反映紀錄、輔導教師訪視紀錄、與機構溝通往來及委員會決議，均應留存作為書面審查佐證資料。",,二、實習相關 待分派 專科以上學校產學合作實施辦法第6條之1第五、六款：契約應載明合作機構與實習學生發生爭議時之協調及處理方式；學生實習期滿前終止或解除之條件及程序。
Q061,二、實習相關,實習合約一定要用負責人印章嗎？,實習屬學校正式課程之一，依「專科以上學校產學合作實施辦法」第5條規定，學校辦理產學合作，應以學校名義與合作機構簽訂書面契約。,,二、實習相關 待分派 專科以上學校產學合作實施辦法 第五條（114年6月23日修正）
Q062,三、畢業相關,如何確認畢業資格？,"大學部
學生修業期滿，並修足本校各學系(組)、學位學程應修之科目與學分，成績及格，且符合各學系(組)、學位學程畢業條件，於完成離校手續後，始得發給畢業證書，並依照所屬學系(組) 、學位學程，分別授予學士學位。
研究所
研究生合於下列各款規定者，准予畢業。
一、在規定修業年限內修滿規定之科目與學分。
二、操行成績各學期均及格。
三、通過本校博、碩士班研究生學位考試規章規定之各項考核及考試，並完成論文之繳交。",,三、畢業相關 教務處 待分派 A01-世新大學學則(1150422校務會議通過).pdf
Q063,三、畢業相關,畢業門檻有哪些？,"大學部
1.各學系、學位學程規定畢業所需之必，修及選修課程學分
2.各學系、學位學程畢業條件
3.操行成績各學期均及格
研究所
1.各學系、學位學程規定畢業所需之必，修及選修課程學分
2.各學系、學位學程畢業條件
3.操行成績各學期均及格
4.通過本校博、碩士班研究生學位考試規章規定之各項考核及考試，並完成論文之繳交。",,三、畢業相關 教務處 待分派 A01-世新大學學則(1150422校務會議通過).pdf
Q064,三、畢業相關,可以延畢嗎？,"大學部
大學部各學系、學位學程修業年限均為四年，因未符合畢業資格，得延長修業年限至多兩年。",,三、畢業相關 教務處 待分派 A01-世新大學學則(1150422校務會議通過).pdf
Q065,三、畢業相關,畢業典禮的場次資訊和相關規定要在哪裡查詢？,畢業典禮日期與相關規定會公告於學務處課外組「畢業典禮官方網站」https://gc.web.shu.edu.tw/,,三、畢業相關 學務處 待分派
Q066,三、畢業相關,畢業證書什麼時候領？,教務處每學期會公告當學期領取畢業證書相關事宜，請依公告時間為主。,,三、畢業相關 教務處 待分派
Q067,三、畢業相關,畢業離校程序有哪些？,"大學部
依教務處公告時間請上網查詢各項「未完成」事項檢核，並於辦理期間完成畢業生流向問卷填寫、圖書及器材歸還等各項離校事宜。
查詢路徑：學生教務系統→學籍作業→SB0107離校手續資訊查詢
相關辦理時程及注意事項，請參閱教務處每學期公告。

研究所
已完成學位考試及論文之研究生，應於規定期限內辦理離校：
第一學期：1月31日前；第二學期：7月31日前 (已申請論文延繳者：得延長至8月31日前)
辦理離校前，須完成論文上傳及畢業流向問卷填寫，並線上預約離校辦理時間；於預約時段攜帶學生證及論文至教務處辦理離校手續。
相關辦理時程及注意事項，請參閱教務處每學期公告。",,三、畢業相關 教務處 待分派
Q068,三、畢業相關,通識累積學分超過規定學分會列入畢業學分裡嗎？,各學系畢業條件如另有規定，以該學系規定為準；未另有規定者，原則上依各入學年度適用計畫，完成應修通識學分數及領域後，其餘通識學分可列入外系學分計算。,,三、畢業相關 教務處 待分派
Q069,三、畢業相關,畢業學分計算(我差多少學分可以畢業),"請查詢所屬學系（組）、學位學程公告的畢業學分規定，才能知道自己確切還差多少學分。
原因是：畢業學分基本由必修（校訂、系訂、院訂等）、選修（專業選修）、通識、外系選修四大類別組成，各學系規定的學分數字都不一樣，只能提供全校最低標準當作參考基準，無法取代各系的實際規定。各學系（組）、學位學程可能訂有更高的畢業學分數，或各類別學分的最低配置（例如必修至少要多少學分、選修至少要多少學分），並非學分總數達標就一定符合畢業條件。
全校最低學分規定（僅供參考，非各系實際數字）：

大學部：應修學分總數不得少於128學分（各系得酌予提高，第17條）
碩士班：至少應修30學分（不含論文，第65條）
博士班：至少應修18學分（不含論文，第65條）
請依下列狀況查詢資訊：
所有學生都須先查詢所屬學系（組）、學位學程之課程計畫表／畢業學分要求表（依入學年度版本為準），逐類別（必修、選修、通識、外系選修）核對已修與應修學分差距。若屬以下特殊狀況，還須額外確認：

有抵免學分（例如轉學生）：抵免後的學分分類可能與原課程不同，須另洽系辦確認實際列入哪個類別、還缺多少。
有輔系或雙主修：本系、輔系、雙主修學分分開核算、互不認抵，須另對照輔系／雙主修學系的課程計畫表，確認規定學分數。
轉系（組）學生：須另洽轉入學系系辦，確認原系學分採認方式及轉入學系畢業條件。
提醒：畢業條件不是只有「學分修滿」，部分學系（組）、學位學程另訂有非課程類畢業條件（例如外語能力檢定、實習時數、專題／論文考核通過等）。學分修滿≠一定能畢業，務必同步向系辦確認完整畢業條件。",,三、畢業相關 教務處 待分派
Q070,三、畢業相關,缺上學期課程，我可以下學期修兩次抵上學期學分嗎?,全學年課程重補修原則：缺上學期補上學期、缺下學期補下學期。,,三、畢業相關 教務處 待分派
Q071,三、畢業相關,符合畢業資格的話學校會正式通知嗎？或是系統上哪裡可以查詢是否符合資格嗎？,"學校不會主動發送正式通知告知學生是否符合畢業資格，需由學生自行查詢確認。
查詢方式：
可至教務系統查詢歷年成績，逐一核對必修、選修、通識、外系選修等各類別學分是否修畢，並比對所屬學系（組）、學位學程規定的畢業學分要求。
提醒：
若必修課程因重補修或停開，導致修課狀況特殊、無法確認學分採計方式，請直接洽詢該課程開課單位確認處理方式。",,三、畢業相關 教務處 待分派
Q072,三、畢業相關,剩餘休學與修業時間？最晚應該畢業是什麼時候？,"依學則規定，大學部各學系、學位學程修業年限均為四年,因未修或已修不及格須重(補)修者,得延長修業年限至多兩年;學生因碩士班修業年限為一至四年;博士班修業年限為二至七年。休學累計以二學年為原則。故依個人狀態計算之。",,三、畢業相關 教務處 待分派
Q073,三、畢業相關,學位口試怎麼申請/撤銷？,請依學位考試規章辦法規定時間向系辦申請，因涉及學籍狀態，若無法舉行至遲於訂定學位考試日期之前二週申辦撤銷,,三、畢業相關 教務處 待分派
Q074,三、畢業相關,論文指導教授/口試委員可以更換嗎？,"可以，研究生因特殊原因更換論文指導教授或口試委員時,應填具申請表,於規定期限內提出申請。","https://drive.google.com/file/d/16DOSVTHNspqls_i-Cj4-zII-BCkl9Lym/view
https://drive.google.com/file/d/1NbtKRjalralY3wjoElIb4orlvfy7f32Z/view",三、畢業相關 教務處 待分派
Q075,三、畢業相關,學位口試可以更改題目嗎？,題目修改須經指導教授暨口試委員同意，建議於學位口試舉行時與指導教授確認並同時修改。,,三、畢業相關 教務處 待分派
Q076,三、畢業相關,論文比對要怎麼做？要用哪個系統？,請定期上圖書館的論文系統網頁，每學期皆有公告並提供比對系統以利參考,https://cloud.ncl.edu.tw/shu/,三、畢業相關 教務處 待分派
Q077,三、畢業相關,學位考試成績報告單上面的比對相似度門檻？要填何時的比對報告數字？,口試成績係當日舉行後由各委員評比，若有論文仍待修改，指導教授暨口試委員仍應負責參考定稿最終比對結果，以符合學位倫理之最終精神。依學位考試辦法第七條，學位考試委員會有審查抄襲及舞弊之責。,,三、畢業相關 教務處 待分派
Q078,三、畢業相關,審議書上延後公開時限怎麼填寫？延後公開審查表怎麼寫？,依據教育部臺教高通字第1142201506號來函規定，一次至多五年，指導教授暨口試委員應依來函規定審查，以符合學位倫理之最終精神,,三、畢業相關 教務處 待分派
Q079,三、畢業相關,學術倫理要去哪裡上課？,教育部臺灣學術倫理教育資源中心,https://ethics.moe.edu.tw/,三、畢業相關 教務處 待分派
Q081,三、畢業相關,學位口試如果不通過會怎麼樣？,請參考學位考試規章辦法及學則規定，若修業年限未屆滿且符合重考標準者，得申請重考一次；達二次不及格，應令退學,,三、畢業相關 教務處 待分派
Q082,三、畢業相關,學位口試申請時間？,第一學期自研究生完成該學期註冊手續起，至11月30日止；第二學期自研究生完成該學期註冊手續起，至4月30日止。,https://drive.google.com/file/d/1PyHJELw9anoeO4MRhHuPPsIZBUhIU7K3/view,三、畢業相關 教務處 待分派
Q083,三、畢業相關,論文修改最晚可以到什麼時候？,"已完成學位考試及論文之研究生，應於規定期限內辦理離校：
第一學期：1月31日前；第二學期：7月31日前 (已申請論文延繳者：得延長至8月31日前)
若無法於期限內完成論文繳交，應於下學期辦理註冊，各項選課註冊事宜依相關規定辦理。",,三、畢業相關 教務處 待分派 A01-世新大學學則(1150422校務會議通過).pdf
Q084,三、畢業相關,研究所可以下修大學部的課程嗎？要怎麼申請？,"依世新大學學則第61、62條規定，研究生如因專業背景不足，得依系所相關規定補修大學部基礎課程；
實際補修科目及辦理方式，仍應依所屬系、所、學位學程之規定辦理。",,三、畢業相關 教務處 待分派 A01-世新大學學則(1150422校務會議通過).pdf
Q085,三、畢業相關,錯過學校公告的領取畢業證書時間，我可以什麼時候去領取？,教務處每學期會公告當學期領取畢業證書相關事宜，請依公告時間由本人持學生證及印章至教務處領取。,,三、畢業相關 教務處 待分派
Q086,三、畢業相關,畢業學分門檻是128學分，我只要修滿128學分就可以畢業嗎？有些必修課不喜歡改用選修學分補可以嗎？,"1.本校採用學年學分制，大學部各學系、學位學程修業年限均為四年，應修學分總數，不得少於一二八學分，惟各系、學位學程視實際需要，得經教務會議通過後，酌予提高。學生修業期滿，經修滿各學系、學位學程規定畢業所需之必修及選修課程學分且符合各學系、學位學程畢業條件，各學期操行成績均及格
者，准予畢業。
2.請參考所屬的入學適用課程計畫表，完成相關的課程修習，並滿足所有的畢業條件。
3.必修課程無法以選修科目之學分進行替換。",https://drive.google.com/file/d/1bu4GTasVwOimHqbYX7c1bsuiNkFWKjyS/view,三、畢業相關 教務處 待分派
Q087,三、畢業相關,懷孕/育嬰的休學怎麼申請？時間怎麼算？,懷孕、分娩或撫育三歲以下子女的休學申請與一般程序相同，僅需另外檢附媽媽手冊、各級醫院出具之相關證明或戶口名簿即可辦理。,https://drive.google.com/file/d/1bu4GTasVwOimHqbYX7c1bsuiNkFWKjyS/view,三、畢業相關 教務處 待分派
Q088,三、畢業相關,時間到了但我的論文寫不出來，可以申請延長休學或就學嗎？(各種狀況),"總共有多少時間可以運用？
碩士班：最長可註冊4年（8學期），可申請休學2年（4學期）
碩士在職專班：最長可註冊6年（12學期），可申請休學2年（4學期）
博士班：最長可註冊7年（14學期），可申請休學2年（4學期）
*註1：碩士在職專班之6年上限，係依「碩士班基本修業年限4年」加計「在職生得延長修業期限最多2年」計算而得（第64條）。
*註2：申請學位考試及提交論文，須於在學（註冊）狀態下提出，休學期間無法辦理相關申請。

也就是說，用掉休學年限，把「可註冊年限」用完，論文還沒完成，就會被退學（第70條）。

實際上你可以怎麼運用這些時間？
只差論文、其他都修完了：可以申請休學專心寫論文（第71條）。若休學前已完成註冊繳費，退費將依當學期休退學退費標準辦理，並非全額退還。
休學累計上限2年，如有重病或特殊事故需經專案申請核准，最多再延2年（第38條）
提醒：可註冊年限與休學年限是分開計算的兩種額度，休學不能取代或延長可註冊年限的上限。若打算申請學位考試或提交論文，記得該學期須維持在學（註冊）狀態。建議提早規劃時間表，盡早與指導教授討論論文進度。",https://drive.google.com/file/d/1bu4GTasVwOimHqbYX7c1bsuiNkFWKjyS/view?usp=drive_link,三、畢業相關 教務處 待分派
Q089,三、畢業相關,研究生離校手續本人到校還需要帶印章嗎?(離校整體流程及應備物品),"本人親自辦理者：若未攜帶印章，可親簽辦理。委託辦理則備妥委託書、委託人身分證件、學生證、印章及論文

適用對象：碩士班、博士班及碩士在職專班已通過學位考試及完成論文上圖書館。
離校辦理時間：當學期成績公告日起至7月31日，依辦公時間到校辦理。（已申請論文延繳者，得延長至115年8月31日前辦理離校）
辦理離校相關單位：圖書館、學務處、社會資源發展中心、系所辦公室、總務處出納組、教學發展中心等。
（原住民生、陸生、僑生、港澳生及外國學生須另加辦：原住民資源中心、國際暨兩岸事務處等單位）

離校流程及應辦事項：
1.完成圖書館論文上傳作業
2.上傳完成後，印好論文
3.完成應屆畢業生流向問卷填寫
4.依公告線上預約辦理離校時間，或電洽教務處註冊課務組
5.依預約時間，攜帶學生證及印好之論文至教務處辦理離校手續
依上列相關單位，逐一辦理結清及確認事項

提醒：經具函申請延繳核可之研究生，得自8月1日至8月31日辦理離校；未完成離校者，次學期應註冊。若修業年限屆滿仍未繳交論文及辦理離校手續，依學位考試規章辦法提報後續退學作業。",,三、畢業相關 教務處 待分派 學位考試規章辦法、學則https://oaa.web.shu.edu.tw/%e8%a8%bb%e5%86%8a%e8%aa%b2%e5%8b%99/%e8%a8%bb%e5%86%8a%e8%aa%b2%e5%8b%99%e7%b5%84%e8%a6%8f%e7%ab%a0
Q090,四、成績與學籍,成績何時公布？,學期成績查詢相關時程，請參考教務處網頁行事曆之學期成績公告日。,,四、成績與學籍 教務處 待分派
Q091,四、成績與學籍,成績有疑問怎麼申請複查？,"1.學生如對成績有疑義，須於成績公告後一週內，經開課系所向授課教師提起複查。授課教師應於接獲開課系所通知次日起十日回覆，並由開課系所轉達學生處理結果。
2.學生獲知複查結果仍有異議，應檢附評分或成績計算方式明顯不當之證明，至教務處提
出「學生成績疑義陳述處理單」，由教務處會同開課系所主管及授課教師召開專案會
議。學生對於會議結果如仍不服,得依本校學生申訴處理辦法提出申訴。",https://drive.google.com/file/d/13DmTmkqOmt4cHsM0OwdZDu3Mpjg3N4sY/view,四、成績與學籍 教務處 待分派
Q092,四、成績與學籍,操行成績如何計算？,"操行成績會依據同學的獎懲紀錄、出缺席與平時表現進行加減分。
詳細計算標準請參考生輔組官網：👉 https://reurl.cc/RRrNMx。",,四、成績與學籍 待分派 生輔組獎懲及操行網址：https://reurl.cc/RRrNMx。
Q093,四、成績與學籍,請假會影響成績嗎？,學生因故不能上課，需依規定請假，請假經核准者為缺課，未經請假或請假未准為曠課，依本校學則第24條，學生請假課任教師仍有權則可依自己評分標準決定分數，惟為避免爭議，教師應於課程大綱中明訂學生請假之評分標準。,,四、成績與學籍 待分派
Q094,四、成績與學籍,公假、防疫公假怎麼請？要請假時超過系統開放日期怎麼辦？,按世新大學學生請假辦法第五條之十，學生有下列各款情形之一者，應事前申請公假並由系、所或相關單位呈核，經學生學務長核可。(一)經選派代表學校參加校外活動，而有政府機關或相關團體出具之證明文件者。(二)經選派代表學校參加校外活動，而有相關業管行政單位簽報者。(三)由本校行政或學務單位選派擔任公務，經簽報核准者。(四)應役政或其他政府機關之要求或邀約，出具證明文件者。(五) 法定傳染病經各級衛生主管機關認定，應強制隔離者或配合防疫措施從事防疫工作之必要者，應檢具診斷證明以申請防疫公假。依規定於簽報核准後須於10日內完成線上申請，逾期申請改由個人事假實施申請。,,四、成績與學籍 待分派
Q095,四、成績與學籍,休學、復學、退學如何辦理？系統開放、關閉時間？,"休學、退學
當學期辦理休學、退學，需至山洞口休退學系統提出申請，完成第一階段晤談後，須至教務處辦理第二階段紙本程序，經核准後得休學一學期或一學年。
申請時間：當學期開始日即開放申請，至遲應依本校行事曆訂定之期末考試日期開始前提出。
復學
休學生於休學期滿時，應復學生的各項選課註冊事宜依相關規定辦理，不需另做申請。
如休學期限未到，申請提前復學，請與所屬系辦公室聯繫，申請提前復學。",,四、成績與學籍 教務處 待分派 A01-世新大學學則(1150422校務會議通過).pdf
Q096,四、成績與學籍,學籍證明、在學證明如何申請？,"在校生可於每學期開學後登錄學生教務系統自行列印。
(路徑：世新大學首頁→在校生→學生教務系統→學籍作業→在學證明)",https://drive.google.com/file/d/14Hiyad-FpRQ6M9cmbPkU36oCTmJ_-7nd/view,四、成績與學籍 教務處 待分派
Q097,四、成績與學籍,成績單、畢業證書、肄業證書申請,請參閱世新大學教務處網頁→「證件申請專區」內各項說明。,https://oaa.web.shu.edu.tw/%e6%a0%a1%e5%8f%8b%e7%94%b3%e8%ab%8b%e8%a1%a8%e6%a0%bc%e5%b0%88%e5%8d%80,四、成績與學籍 教務處 待分派
Q098,四、成績與學籍,停修該如何申請？會影響我的學期成績嗎？,"依世新大學選課辦法第八條規定:學生於當學期期中考後二週內可辦理停修。
申請方式為線上申請：世新大學網站 → 在校生 → 資訊服務 → 學生教務系統 → 登入 → 課務作業 → SC0116「學生申請停修課」
停修課程的學分不計入該學期修習學分總數，但停修的課程不會從成績單上消失，而是會在該科成績欄註明：「停修」",https://oaa.web.shu.edu.tw/%E8%A8%BB%E5%86%8A%E8%AA%B2%E5%8B%99/%E8%AA%B2%E5%8B%99%E6%A5%AD%E5%8B%99%E5%85%AC%E5%91%8A/%E8%A8%BB%E5%86%8A%E9%81%B8%E8%AA%B2%E6%89%8B%E5%86%8A,四、成績與學籍 教務處 待分派
Q099,四、成績與學籍,我今年大四也考上研究所，但四年級下學期成績出來後發現還缺學分無法畢業，我可以用研究所的課補大學部缺的學分嗎？,大四應屆畢業生因故未能如期取得學士學位，即不具備研究所入學資格。,,四、成績與學籍 教務處 待分派
Q100,四、成績與學籍,期中/期末缺考怎麼辦？,"期中缺考依該課程授課教師規定為主；期末考試因病或有其他重大事故,不能參加同學，須向教務處請假，而經核准得申請補考者,由授課教師出題且由教務處統一安排學生補考。",,四、成績與學籍 教務處 待分派 世新大學學生成績處理要點https://drive.google.com/file/d/13DmTmkqOmt4cHsM0OwdZDu3Mpjg3N4sY/view
Q101,五、獎助學金,有哪些獎學金可以申請？,"學校提供豐富的獎助學金資源，歡迎依需求點擊查詢：

校內獎助學金：請參閱「生輔組獎助學金專區」https://reurl.cc/rkDzk4。
校外獎助學金：請登入「獎助學金公告/查詢系統」https://reurl.cc/016eb。（登入查詢：僅限本校教職員生，需登入世新山洞口權限）
📖 系統操作指南：歡迎參閱「獎助學金公告系統操作流程 [學生版]」https://reurl.cc/p81Ggb。",,五、獎助學金 學務處 待分派 生輔組「獎助學金專區」網址：https://reurl.cc/p81Ggb。
Q102,五、獎助學金,申請資格是什麼？,"各項獎學金的門檻（如學業成績、家境條件等）皆有不同規定。

請依以下步驟查詢：
1.登入獎助學金公告系統。
2.找到想申請的獎項，點擊「詳細辦法」或相關連結確認資格。
📖 系統操作指南：請參閱 獎助學金公告系統操作流程（學生版）https://reurl.cc/p81Ggb。",,五、獎助學金 學務處 待分派 獎助學金公告系統操作流程【學生版】網址：https://reurl.cc/p81Ggb。
Q103,五、獎助學金,什麼時候開始受理？,各項獎助學金申辦起訖日都不同，請同學登入獎助學金公告系統，詳閱各項獎助學金之「申請開始日」或「申請截止日」。【操作方法】請參閱獎助學金公告系統操作流程[學生版]https://reurl.cc/p81Ggb。,,五、獎助學金 學務處 待分派 獎助學金公告系統操作流程【學生版】網址：https://reurl.cc/p81Ggb。
Q104,五、獎助學金,需要哪些文件？,各項獎助學金申辦文件不同，請同學登入獎助學金公告系統，詳閱各項獎助學金之「詳細辦法」與「申請表格」。【操作方法】請參閱獎助學金公告系統操作流程[學生版]https://reurl.cc/p81Ggb。,,五、獎助學金 學務處 待分派 獎助學金公告系統操作流程【學生版】網址：https://reurl.cc/p81Ggb。
Q105,五、獎助學金,工讀機會有哪些？,同學以自己的學號帳號進入山洞口系統（校內工讀/實習平台）不定時瀏覽各行政單位、圖書館或各系公告的工讀生徵才資訊。,,五、獎助學金 學務處 待分派
Q106,六、活動與系務,系週會一定要參加嗎？,依據世新大學操性成績實施要點第六條：學生除已完成請假程序者外，系週會缺席酌予扣減操性成績，每缺席1次扣減1分。,,六、活動與系務 學務處 待分派
Q107,六、活動與系務,系上有哪些活動？,學校會不定期辦理講座、競賽、參訪、交流及各類學生活動，相關資訊請留意校內公告。,,六、活動與系務 院系所 待分派
Q108,六、活動與系務,系學會如何加入？,可依系學會公告之招募方式申請加入，詳細資訊請洽系學會或留意相關公告。,,六、活動與系務 院系所 待分派
Q109,六、活動與系務,專題發表什麼時候舉辦？,專題發表時間依各系所規劃辦理，請留意系所公告及相關課程通知。,,六、活動與系務 院系所 待分派
Q110,六、活動與系務,畢業展相關規定為何？,畢業展之作品規範及相關時程，依各系所當年度規定辦理，請留意系所公告。,,六、活動與系務 院系所 待分派
Q111,七、教室與設備,怎麼借專業空間(攝影棚及錄音室)？,"使用人（單位）應透過本校「空間借用系統」提出申請，並依教學資源組公告之申請範例，檢附用途說明、活動企劃書或相關資料。
範例：https://reurl.cc/4NqxyY",,"七、教室與設備 教務處 待分派 世新大學專業教室使用規範
https://reurl.cc/Ym0nEO"
AUTO-b88403158828,七、教室與設備,專業空間假日有開放嗎?,"任何教職員及學生欲在學期間之周末假日辦理課程或活動使用時，皆須以簽報方式申請(學生請授課老師代為申請)，並檢附用途說明、活動企劃書或相關資料。詳情請看世新大學專業教室使用規範
第六項之相關規定。",,"七、教室與設備 教務處 世新大學專業教室使用規範
https://reurl.cc/Ym0nEO"
AUTO-2f45cd810352,七、教室與設備,借用攝影棚、錄音室前一天，可以先暫放器材或道具嗎?,非核可之借用時段不得逗留或放置未經允許之物品，包含個人物品、廢棄物、器材、道具等。,,七、教室與設備 教務處
AUTO-1ffd0ee3dc27,七、教室與設備,那些是專業空間?裡面又有哪些設備?,可以到教學發展中心網站的專業實習教室頁面取得相關資訊。,,"七、教室與設備 教務處 專業實習教室空間及設備說明
https://cte.web.shu.edu.tw/tlrd/tlrdform-2/laboratory-3"
Q112,七、教室與設備,教室沒有冷氣?,教室均設有冷氣空調設備。為配合政府節約能源政策，冷氣使用依室內溫度及實際上課需求開啟，並依相關節能規定設定適當溫度。如遇冷氣無法啟動、冷度不足或設備故障等情形，請立即透過報修系統或報修專線(82110)提出報修，總務處接獲通報後將立即派員檢修處理。,https://ap0.shu.edu.tw/WebApp/my13Repair/Home13.aspx (透由山洞口帳號登入報修系統)，或報修專線82110,七、教室與設備 總務處 已完成
Q113,七、教室與設備,投影機壞掉怎麼辦?,投影機壞掉的可能性有：投影機無法開機，投影機無畫面，投影畫面模糊，投影畫面偏色等狀態，排除方式各有不同，敬請參閱圖資處網站FAQ的投影問題：https://cc.web.shu.edu.tw/ccfaq/#av,,"七、教室與設備 圖資處 已完成 【圖資處網站說明】
https://cc.web.shu.edu.tw/ccfaq/#av"
Q114,七、教室與設備,攝影器材、錄音設備如何借用？,請至本校資訊服務整合入口(簡稱山洞口)進入設備借用系統填寫申請表，經核可後，應持本人學生證(或其他貼照片之身分證明)至教學資源組完成領取程序。,,"七、教室與設備 教務處 待分派 世新大學一般及專業器材借用辦法
https://reurl.cc/k9aQ5r"
Q115,七、教室與設備,電腦教室開放時間？,"電腦教室在0800~2200(圖書館須配合開館及閉館時間)的空堂時間，都是開放可以使用的。
圖書館L406開放週末不斷電算圖服務，因要配合開課時間，敬請注意每學期的公告開放時間。",,七、教室與設備 圖資處 待分派
Q116,七、教室與設備,器材損壞怎麼辦？,學生損壞影視類一般與專業器材，應立即先通知教學資源組，並依毀損狀況判定賠償金額或恢復原狀，相關辦法請查閱「世新大學一般及專業器材借用辦法」。,,"七、教室與設備 教務處 待分派 世新大學一般及專業器材借用辦法
https://reurl.cc/k9aQ5r"
Q117,七、教室與設備,怎麼進去研究生自修室？,研究生自修室之使用，透由所屬院系所辦公室提出申請，由各院系所負責使用資格審核及管理；相關開放時間、門禁權限及使用規範，請洽所屬院系所辦公室詢問。,,七、教室與設備 總務處 待覆核
Q118,七、教室與設備,假日/下課後借用教室有冷氣嗎？,"教室借用請依本校「空間借用系統」提出申請。例假日一般教室原則僅開放 G棟借用；上課期間各大樓教室借用時間，以不超過當日末堂課節次為限。
冷氣開放依本校節能管理原則辦理，借用人數10人以下、氣溫低於23℃，以及非上班、上課、未排課或未開放借用時段之大樓，原則不開放冷氣。
同一時段、同一活動以借用 2間教室 為限。相關單位將不定期巡視，如發現未依申請內容使用或有未如實借用情形，得取消後續借用資格。
另開學前兩週因應選課及教室調整，暫不開放教室借用；空間借用相關附件（如企劃書等）請以PDF格式上傳。相關問題請洽校內分機 83813、82115。",https://ap.shu.edu.tw/SHU_SPACE_LOAN/Login.aspx?Logout=1  空間借用,七、教室與設備 總務處 已完成
Q119,八、教師相關,老師辦公室在哪裡？,可至系所網站「師資介紹」查詢老師的辦公室位置,,八、教師相關 院系所 待分派
Q120,八、教師相關,怎麼聯絡老師？,可透過Email或是老師公告的聯絡方式與老師聯繫，老師Email可至師資介紹頁面查詢,,八、教師相關 院系所 待分派
Q121,八、教師相關,老師Office Hour是什麼時候？,各老師Office Hour時間不同，請至教務系統查詢。,,八、教師相關 院系所 待分派
Q122,八、教師相關,如何預約老師討論？,可透過Email或是老師公告的聯絡方式與老師聯繫，老師Email可至師資介紹頁面查詢,,八、教師相關 院系所 待分派
Q123,八、教師相關,推薦信如何申請？,請先確認申請學校或單位的推薦信要求，並提前與老師聯繫，提供相關資料及申請截止日期。,,八、教師相關 院系所 待分派
Q124,八、教師相關,老師為什麼不回我EMAIL？,老師可能因授課、會議或研究工作無法即時回覆，建議耐心等待；如有急件，可再禮貌提醒老師。,,八、教師相關 院系所 待分派
Q125,八、教師相關,老師不給我請身心假/生理假怎麼辦？,按世新大學學生請假辦法第五條之四：四、心理調適假：學生因心理不適或精神狀況不佳，致上課有困難時，應於當日向導師請心理調適假，無需檢附證明文件。心理調適假每學期至多三日為限，以一日為單位。五：生理假：學生因生理期不適，得於當日向授課老師請生理假，無需檢附證明文件。生理假每月得請二次，每次一天。,,八、教師相關 待分派
Q127,九、行政文件,文件需要哪些核章？,依不同申請文件規定辦理，請先確認表單上的核章欄位及辦理流程,,九、行政文件 院系所 待分派
Q128,九、行政文件,系主任何時有空簽名？,依主任行程而定，建議盡早辦理,,九、行政文件 院系所 待分派
Q129,九、行政文件,公文或證明多久可以完成？,依文件種類及簽核流程而定，一般需數個工作天，建議盡早辦理,,九、行政文件 院系所 待分派
Q130,九、行政文件,學生證不見怎麼辦？,"1.學生證如為毀損或消磁(非遺失)需辦理新證，請持原證至教務處確認晶片功能，暫勿上網掛失。
2.學生證事涉小額繳款及各類個人功能，如確認遺失棄用，請先上網註銷卡片的晶片功能，以利保護個人權益。
3.學生證遺失上網掛失步驟：請以學生身分登錄世新山洞口進行掛失作業。
(路徑：世新山洞口→左側功能列下方「校園IC卡服務」→校園IC卡使用暨掛失登錄說明→閱讀後點選下方「我已瞭解掛失功能」後進入掛失填報頁面)
提醒您！一經掛失，即向悠遊卡公司申請退費並同時註銷該卡片之晶片功能，故無法進行「取消掛失」功能。
4.如欲補發新證，請至行政大樓二樓教務處填寫「學生證補發申請單」，工本費為350元(持悠遊卡者可使用「繳費服務機」繳費，持現金者可至1樓「總務處出納組」繳費)，完成繳費後持申請單至圖書館註銷舊證之借書功能。
5.完成以上程序後，請務必將申請單送回教務處申請補發新證。
6.學期間請於10個工作天後，持「臨時學生證」至行政大樓教務處櫃台領取新證；寒、暑假領取時間另訂。學生證補發期間之借書、停車及體適能中心各項功能使用，請逕洽詢各相關業務單位。",https://oaa.web.shu.edu.tw/%e8%a8%bb%e5%86%8a%e8%aa%b2%e5%8b%99/%e8%aa%b2%e5%8b%99%e8%a8%bb%e5%86%8a%e7%b5%84%e5%95%8f%e7%ad%94%e9%9b%86,九、行政文件 教務處 待分派
Q131,十、交換、海外學習,如何申請交換學生？,"世新大學在學學生如欲申請赴外交換，可依下列流程辦理：
1.確認申請資格：在世新修業滿一學期、具正式學籍，歷年總平均達 75分以上或累計班排名前 50%，並符合欲申請姊妹校的語言及其他條件。
2.選擇交換學校：至國際事務中心網站查看最新「姊妹校手冊」，確認交換期間、名額、語言門檻及課程限制。
3.準備申請資料：包括交換生申請表、自傳與讀書計畫、英文歷年成績單、英文在學證明、語言檢定證明及其他相關文件。
4.完成線上申請及繳交資料：依當學期公告填寫電子申請表、上傳PDF，並繳交規定的紙本資料。
5.參加校內甄選：甄選包含書面審查及面試，兩者各占 50%。通過校內甄選後，由學校向姊妹校提名，最終仍須取得姊妹校正式錄取。
原則上是前一學期申請下一學期赴外交換：春季班通常約6月底至9月申請；秋季班約1月中至2月申請，實際日期以每學期公告為準。",,十、交換、海外學習 待分派 世新大學交換學生甄選作業要點
Q132,十、交換、海外學習,有哪些合作學校？,每學期實際開放交換的學校、名額及語言條件可能不同，請以當學期「赴外交換計畫」及「姊妹校手冊」公告為準。,https://global.web.shu.edu.tw/exchange-c1/2027%e6%98%a5%e5%ad%a3%e7%8f%ad%e8%b5%b4%e5%a4%96%e4%ba%a4%e6%8f%9b%e8%a8%88%e7%95%ab%e7%94%b3%e8%ab%8b-2-2-2/,十、交換、海外學習 待分派
Q133,十、交換、海外學習,出國修課可以抵學分嗎？,學生經核准至他校交換選課，修課期滿，應取得具交換大學所修習之全部科目及學分數之正式成績單或證明書，連同「交換學生校外選課修畢科目學分及成績認定申請單」，於返校一個月內送請系所認定後，送教務處以完成全部程序。,,十、交換、海外學習 教務處 待分派 E02 交換學生校外選課修畢科目學分及成績認定申請單.pdf
Q134,十、交換、海外學習,認抵學分的流程？,學生經核准至他校交換選課，修課期滿，應取得具交換大學所修習之全部科目及學分數之正式成績單或證明書，連同「交換學生校外選課修畢科目學分及成績認定申請單」，於返校一個月內送請系所認定後，送教務處以完成全部程序。,,十、交換、海外學習 教務處 待分派 E02 交換學生校外選課修畢科目學分及成績認定申請單.pdf
Q135,十、交換、海外學習,海外實習如何申請？,"申請海外實習一樣要經由系上評估確認合作機構。
海外交換或交流活動，如實質上僅為促進語言能力、提昇國際視野、生活體驗、度假打工之目的，不應以「實習課程」名義前往並取得實習學分。
倘實習機構為跨國企業，請學校優先考量非屬外交部旅遊警示燈，為黃、橙及紅燈國家之機構合作；若經學校評估後，前往大陸地區進行校外實習，應依「臺灣地區與大陸地區人民關係條例」第33-1條規定，先報經教育部許可，始能與大陸地區進行實習合作。
海外實習流程比國內複雜，建議至少提前一學期聯繫，才有充分時間完成機構審核、契約簽訂、簽證及保險等作業。",,十、交換、海外學習 待分派
Q136,十、交換、海外學習,出國交換要辦離校手續嗎？,"不用。赴外交換期間仍具有世新大學學籍，須依規定完成註冊並繳交全額學雜費，因此不需要辦理離校手續。出發前則須依國際事務中心通知完成行前說明會及相關程序。
另外，官網上的「離校程序單」主要是提供來世新交換與研修的境外學生，在結束世新研修離校前辦理，不是世新學生出國交換所用。",,十、交換、海外學習 待分派
Q137,十、交換、海外學習,可以延畢然後出國交換嗎？,可以。大四學生如欲赴外交換，交換期間必須仍具有世新大學正式學籍，並符合所屬系所認定的延畢資格。錄取後須另繳「赴外交換生延畢聲明書」，並於交換學期完成註冊及繳交本校全額學雜費。若已達畢業標準、畢業或休學，則無法以交換學生身分赴外。,,十、交換、海外學習 待分派
Q138,十、交換、海外學習,大四如果符合畢業資格，延一時還能出國去交換嗎？,不可以。赴外交換期間須具有正式學籍，且尚未達畢業資格。大四學生如尚有畢業學分或畢業門檻未完成，可經系所確認符合延畢資格後赴外交換；若已達畢業標準，即使選擇延後畢業，也無法以交換學生身分赴外。,,十、交換、海外學習 待分派
Q139,十、交換、海外學習,出國發表/參加比賽學校有補助嗎？,有。學校提供本校在學學生以學校名義出國參加國際競賽或展演之補助，主要補助經濟艙往返機票費用。若主辦單位或校外單位有提供相關補助，須先向校外單位申請，未獲補助後，才可申請校內補助。申請時須檢附競賽／活動相關資料，例如正式邀請函、競賽辦法、報名資料、賽程、入選證明及相關補助申請文件等，並於競賽或活動舉行至少1個月前向所屬系所提出申請，由系所及學院初審後，送國際暨兩岸事務處複審。,,十、交換、海外學習 待分派 世新大學學生出國參加國際競賽或展演補助作業要點
Q140,十一、新生成長常見問題,新生選課怎麼選？什麼時候可以開始選課？,"新生選課請參閱教務處網頁【學生專區】:如何登入選課系統進行選課。
每學期選課時程，請參閱教務處網頁當學期【註冊選課手冊】或參閱【學生專區】:選課時程。",,十一、新生成長常見問題 教務處 待分派 註冊、選課手冊：https://oaa.web.shu.edu.tw/%e8%a8%bb%e5%86%8a%e8%aa%b2%e5%8b%99/%e8%aa%b2%e5%8b%99%e6%a5%ad%e5%8b%99%e5%85%ac%e5%91%8a/%e8%a8%bb%e5%86%8a%e9%81%b8%e8%aa%b2%e6%89%8b%e5%86%8a
Q141,十一、新生成長常見問題,學號、信箱如何啟用？,"使用學號首次登入「世新山洞口」系統：
若是首次啟用，登入帳號皆為完整學號（含英數字，開頭英文字母為小寫），預設密碼依身分別不同：
（一）一般生
預設密碼為：出生月日4碼＋小寫身分證字號
例如：出生月日為01月02日、身分證字號為A123456789，密碼預設值為「0102a123456789」
（二）境外生（僑生、港澳生、外國學生及陸生）與T字開頭學號學生（校際生、優久生）
預設密碼為：出生月日4碼＋完整學號（含英數字，開頭英文字母為小寫）
例如：出生月日為01月02日、學號為T102019999，密碼預設值為「0102t102019999」

登入後可從山洞口連結電子郵件信箱→山洞口 > 「WebMail(mail.shu.edu.tw)」
*此信箱由學校與 Google 合作。
* 學 生：學號@mail.shu.edu.tw 
*使用方式，請登入山洞口系統啟用及後續使用",https://cc.web.shu.edu.tw/email/,十一、新生成長常見問題 教務處 待分派
Q143,十一、新生成長常見問題,導師是誰？,系秘可至導生(守護神)系統 ➔ 導師管理系統 ➔ 新增/刪除導師資料查詢班級導師或至導生(守護神)系統 ➔ 基本資料查詢導生一對一名單。,,十一、新生成長常見問題 待分派
Q145,十一、新生成長常見問題,怎麼註冊繳費？,"依學則第12條（大學部）／第59條（研究所），學生應於每學期始業前依規定期限繳納各項費用，繳交學雜各費即視同完成註冊。因故未於繳費截止日前繳費者，應具函申請延緩註冊，延緩最長以二週為限；延緩二週仍未繳費又未辦理休學手續者，即令退學。

依狀況，可以這樣處理註冊費用：
1. 我要自己全額繳費
請自行下載繳款單，並依需求選擇下列任一方式繳費：
臨櫃繳款：逕向元大銀行及郵局各分行繳納
ATM轉帳繳款：手續費約15元（轉帳帳號應為「9」開頭之16碼數字，請特別留意，以防詐騙）
信用卡語音／網路繳款：免手續費（學校代碼：8814602226，轉入帳號同繳款單之「金融卡轉帳帳號」；信用卡語音電話：02-2760-8818）
便利商店繳費：持繳費單至OK、全家、統一或萊爾富繳納，需自行負擔手續費，繳款金額限8萬元以下

2. 我需要辦理就學貸款
請詳閱「就學貸款須知」，並依規定流程申請。若之後想撤銷貸款，須先至學務處生輔組辦理撤銷，再重新列印繳款單。

3. 我符合學雜費減免資格
請詳閱「辦理教育部就學優待減免說明」，依規定申請減免後，再繳納剩餘款項。",,"十一、新生成長常見問題 教務處 待分派 世新大學繳費資訊

https://osa.web.shu.edu.tw/%e7%94%9f%e8%bc%94%e7%b5%84%e9%a6%96%e9%a0%81/%e5%90%84%e9%a0%85%e7%8d%8e%e5%8a%a9%e5%ad%b8%e6%8e%aa%e6%96%bd%e7%b8%bd%e8%a1%a8/"
Q146,十一、新生成長常見問題,新生始業式一定要參加嗎?,新生始業式為學校重大集會，非特殊天然災害或重大事故原因停辦(如風災、地震、疫情或家庭變故等)影響，新生皆應參加，藉以瞭解學校課業學習及生活規範等重要通知。115學年度新生始業式為115年9月9日及10日分四梯次辦理，詳細資訊公告在新生專區，敬請詳細閱讀並準時出席。,,十一、新生成長常見問題 待分派 115 學年度新生始業輔導活動行程表
Q147,十一、新生成長常見問題,甚麼時候可以領學生證?去哪裡領？,"大學部一年級新生：開學後由班代至教務處統一領取。
研究所新生及轉學生：開學後請持個人證件至教務處領取。
學位境外新生：外國學生/僑生/港澳生/陸生完成入學報到手續後統一製作，請於開學（或報到）後兩週內至教務處領取（可持個人證件親領，或委由班代代領）。
提醒：若未完成報到（含未繳交學歷證件及學籍記載表）或未繳費，將暫無法領取學生證。",https://drive.google.com/file/d/1M3o6OQO8UBjIh8RfQzwYlgMlJOyUE7Z3/view,十一、新生成長常見問題 教務處 待分派
Q148,十一、新生成長常見問題,學校宿舍錯過申請時間還能申請嗎?,請電洽宿管中心02-2236-8225分機8076、31107。,,十一、新生成長常見問題 學務處 待分派
Q149,十一、新生成長常見問題,健康檢查一定要做嗎？沒有參加到學校的健康檢查怎麼辦？,"*依據教育部頒定之「學校衛生法」、「學生健康檢查實施辦法」規定，學校應建立學生健康管理制度，定期辦理學生健康檢查。
*依據本校學校衛生保健法辦法第三條規定：「本校入(復)學第一及第三年應於規定日期接受健康檢查」。115/9/16、9/17、9/19、9/20當日若無法到校健康檢查者，可先至網頁下載<學生健康資料卡>至公私立醫院，依教育部規定項目健康檢查(學生兼職打工之一般勞工體檢報告不適用)，並於<115/9/30前>交至衛保組。",,十一、新生成長常見問題 待分派
Q151,十二、其他常見問題,校內打工資訊在哪裡？,同學可時常進入山洞口系統（校內工讀/實習平台）瀏覽，各行政單位、圖書館或各系的工讀生徵才資訊。,,十二、其他常見問題 待分派
Q152,十二、其他常見問題,校園Wi-Fi如何登入？,"使用校園wifi要先連接學校網路(tsunami、SHU、SHU_AX、宿舍網路)， 將[隨機MAC]設定更改為[使用裝置MAC]，再連至 https://flow.shu.edu.tw/register/ 世新大學校內/跨校漫遊 無線網路認證暨註冊系統，進行註冊或認證。
設定細節視使用裝置而定，如手機、筆電，敬請上圖資處網站上查詢：
校園無線網路使用及註冊：
https://cc.web.shu.edu.tw/ccnetwork/
網路問題FAQ：
https://cc.web.shu.edu.tw/ccfaq/#network",,"十二、其他常見問題 圖資處 已完成 【圖資處網站說明】
校園無線網路使用及註冊：
https://cc.web.shu.edu.tw/ccnetwork/
網路問題FAQ：
https://cc.web.shu.edu.tw/ccfaq/#network"
Q153,十二、其他常見問題,忘記密碼怎麼辦？,"忘記密碼可依以下步驟處理：
前往圖資處網站「密碼專區」(​https://cc.web.shu.edu.tw/s1)
忘記密碼以及帳號問題的相關說明：使用「忘記密碼」功能重設
首先確認您要重設的系統帳號類型（例如「山洞口登入」帳號或微軟 Live 信箱）。
學校主要帳號（山洞口），請透過密碼專區說明操作。
如果是微軟 Live 信箱，請依頁面指示選擇【忘記密碼】進行重設。
首次登入或重設後，請立即更改預設密碼。請設定強度高的密碼：至少包含大小寫字母、數字與符號​。
若遇到登入問題仍無法解決，建議將截圖與問題內容寄至 ​lis@mail.shu.edu.tw​ 尋求協助​。",,"十二、其他常見問題 圖資處 已完成 【圖資處網站說明】
「密碼專區」(​https://cc.web.shu.edu.tw/s1)"
Q154,十二、其他常見問題,校園系統無法登入怎麼處理？,"遇到校園系統（如「山洞口」、教務系統或其他校內系統）無法登入時，可以依下列步驟檢查與處理：
1. 確認帳號與密碼是否正確
大部分校務系統已整合「山洞口單一登入」平台，一組帳密即可進入多項服務。
忘記密碼或帳號問題，請參考圖資處網站的【​密碼專區​】(​https://cc.web.shu.edu.tw/s1)，裡面有首次登入、忘記密碼及 Gmail/微軟帳號指引​。
2. 檢查第一次登入或初始密碼
新生或新進教職員請依預設密碼規則登入並立即更改。
如果舊有帳號沿用仍登入不了，建議重設密碼後再試​。
3. 無法登入的常見原因與解決方式
輸入錯誤或帳號鎖定 → 先檢查大小寫及輸入法狀態，必要時重設密碼。
網路異常或VPN需求 → 校外登入部分資源（電子書、資料庫）需先設定 VPN。
若仍無法登入且畫面顯示異常，請將錯誤訊息截圖，並寄信至 ​lis@mail.shu.edu.tw​ 尋求協助​。
4. 緊急協助方式
攜身分證件至世界大樓 4F W402圖資處辦公室現場辦理。
或聯絡圖資處服務信箱，信件請說明您的姓名、學號與問題詳情。
若您需要重設密碼，請立即登入【山洞口 → 個人項目 → 山洞口密碼變更】完成設定，以確保帳號安全。",,"十二、其他常見問題 圖資處 已完成 【圖資處網站說明】
「密碼專區」(​https://cc.web.shu.edu.tw/s1)"
Q155,十二、其他常見問題,進修學制晚上上課，系辦有開嗎? 有問題要找誰?,系辦辦公時間依學校規定辦理，晚間若系辦未開放，可先透過Email或其他聯絡方式洽詢；課程相關問題可優先詢問授課老師。,,十二、其他常見問題 院系所 待分派
Q156,十二、其他常見問題,延修生學雜費如何計算？,詳細請參考本校會計室網頁公告之「學雜費收費標準表」,,"十二、其他常見問題 待分派 世新大學會計室
https://sites.google.com/a/mail.shu.edu.tw/shi-xin-da-xue-jiao-fei-zi-xun-wang/"
Q157,十二、其他常見問題,學雜費要怎麼繳費？,上網列印繳費單後，除可直接線上轉帳、線上信用卡繳費，亦可至郵局等金融機構及超商繳交。,,"十二、其他常見問題 待分派 世新大學出納組
https://sites.google.com/a/mail.shu.edu.tw/shi-xin-da-xue-jiao-fei-zi-xun-wang/"
Q158,十二、其他常見問題,就學貸款怎麼申請？,"申請就學貸款請先上學務處生輔組網頁的就學貸款專區，依網頁公告的須知、懶人包、操作流程說明辦理。
簡易步驟說明如下：(學校山洞口→台北富邦銀行→學校山洞口)
步驟一：進入學校山洞口網頁「學生事務資訊系統(學生) →學務資料填寫/申請(學生)」先勾選資料傳輸同意書→確認項目與金額後按送出。
步驟二：15分鐘後到台北富邦銀行就學貸款專區註冊會員進行新辦分行對保或辦理線上簽約對保或銀行線上續貸程序；在銀行網站上再次確認所需貸款金額送出→拿到「撥款通知書」電子檔。
步驟三： 請收到「撥款通知書」電子檔後，等待1小時後再次進入學校山洞口網頁→學生事務資訊系統(學生) →上傳撥款通知書檔案 (※無須繳(寄)紙本)。",,十二、其他常見問題 學務處 待分派
Q159,十二、其他常見問題,就學貸款辦完了又被催繳其他費用(xx實習費)，還能再補貸嗎？,語言教室使用費及住宿保證金為不可貸款項目，請於申貸所有程序完成後另行下載繳費單繳交；若為電腦及網路通訊使用費可於就貸開辦時間內申請。,,十二、其他常見問題 學務處 待分派
Q160,十二、其他常見問題,我在學期中休學能退費嗎？怎麼退？,請參考本校會計室網頁公告之「休退學退費標準表」,https://account.web.shu.edu.tw/,十二、其他常見問題 教務處 待分派
Q161,十二、其他常見問題,延畢費用怎麼計算？,延畢時，學雜費主要會依當學期所選修之學分數為區分，9學分以下以學分費為主，另加基本雜費等，10學分以上則以全額學雜費為主，詳請參考本校會計室網頁公告之「學雜費收費標準表」,,"十二、其他常見問題 教務處 待分派 世新大學會計室
https://sites.google.com/a/mail.shu.edu.tw/shi-xin-da-xue-jiao-fei-zi-xun-wang/"
Q162,十二、其他常見問題,學校圖書館書為什麼這麼少？,"學校圖書館書為什麼這麼少？        學校圖書館館藏資源非常豐富哦！請參閱館藏現況統計( https://lib.shu.edu.tw/store/ )。此外，學校強化數位資源，提供多種電子書平台、線上資料庫、電子期刊，還有館際合作服務，能借閱其他學校的館藏( https://lib.shu.edu.tw/co-borrowindex/ )！如果找不到需要的書，可以利用「圖書薦購」服務！

薦購圖書流程
1.確認館藏：先上圖書館系統檢索，確認該書籍目前是否已有館藏。
2.填寫薦購表單：如果圖書館沒有收藏，可以填寫「圖書薦購單」( https://docs.google.com/forms/d/e/1FAIpQLSfsTeqEPJecDqXsJLoeqbLW9YMn2byK-090jhaZLNMrrQTK-g/viewform )。
3.圖書採購與審核：推薦圖書將進入年度採購流程，依教學、學習需求進行評估與採購安排。",https://lib.shu.edu.tw/faq/,十二、其他常見問題 圖資處 已完成
Q163,十二、其他常見問題,期刊資料庫怎麼用？,"校外查詢-請設定VPN 查詢或【軟體雲】桌面連線，校內-請利用學校wifi，可在個人電腦、手機或平板查詢。
(1)進入圖書館首頁，點選「資料庫檢索」，選擇單位、身分選單，電子期刊、資料庫等數位資源，可從「常用資源」入手，例如中文學術期刊資料庫、中國期刊數據庫-CNKI、Academic Search Premier 綜合學科資料庫等；Communication & Mass Media Complete 大眾傳播學全文資料庫、Emerald Insight 電子期刊、JSTOR 電子期刊等；
(2)進入圖書館首頁，點選「電子書」，可選擇HyRead 電子書、udn 讀書館、書紐(iRead華藝)、元照等電子書平台。",https://lib.shu.edu.tw/faq2/,十二、其他常見問題 圖資處 已完成
Q164,十二、其他常見問題,找不到人幫我辦理休學怎麼辦？,"若因故無法自行前來辦理休學手續，請務必掌握以下原則：
1.休學申請仍須由本人或委託人依正式程序辦理，並無「找不到人就不用辦」的例外。若確實無法親自到校，請儘速填具委託書，委託家人、同學或其他信任之人代為送件。
2.請主動、儘早聯繫學系辦公室或教務處註冊課務組說明狀況，並非等到期限前才緊急處理。承辦單位將依個案狀況，協助確認是否有其他可行的申請方式；惟休學申請有明確時間限制，逾期將無法受理，責任由學生自行負擔。

提醒：辦理休學是學生本人的權利與責任，若因拖延未儘早處理導致逾期，將可能被視為「休學逾期未復學」、「逾期未註冊」或影響學籍狀態，請務必提早規劃並主動聯繫承辦單位。",https://oaa.web.shu.edu.tw/%e8%a8%bb%e5%86%8a%e8%aa%b2%e5%8b%99/%e8%a8%bb%e5%86%8a%e7%b5%84-%e5%9c%a8%e6%a0%a1%e7%94%9f%e7%94%b3%e8%ab%8b%e4%bd%9c%e6%a5%ad%e7%a8%8b%e5%ba%8f,十二、其他常見問題 教務處 待分派
Q165,十二、其他常見問題,在校內弄丟東西怎麼辦？,校內物品遺失可先行詢問場館維護單位(如圖書館管理人員)或課後場地清潔維護人員，亦可至學務處生輔組查詢物品是否遭人拾獲送至生輔組。,,十二、其他常見問題 學務處 待分派
Q166,十二、其他常見問題,我都用自己的行動網路也沒有選電腦課，可以不要繳那個很貴的「電腦及網路通訊使用費」嗎？,"電腦及網路通訊使用費不是只針對「是否使用學校 Wi-Fi」或「是否有選電腦課」收取，而是用於支應學生在學期間可使用的整體資通訊服務，包括校園網路、學生資訊系統、學習平台、教學軟體、資安防護、VPN、VDI／雲端電腦服務、電腦教室設備及相關維護等。

本校收費方式已區分「有使用電腦專業教室課程」與「未使用電腦專業教室課程」。沒有修習使用電腦專業教室課程的同學，適用較低的收費標準，主要就是考量學生使用程度不同，避免全部學生都用同一標準收費。",,十二、其他常見問題 圖資處 待分派
Q168,十二、其他常見問題,(老師助理)我要怎麼核銷？被退單怎麼辦？公文怎麼寫？,教學實踐研究計畫助理之經費核銷及退件處理事宜，請參閱【核銷說明】：https://reurl.cc/5X4KLv,,十二、其他常見問題 待分派
Q169,十二、其他常見問題,老師要我找辦公室印講義(或是替換成各種疑難雜症：老師要我問辦公室),基於學校朝向無紙化之作業節能措施，可請老師將授課講義上傳至TronClass教學平台，除上課講授外，亦可由學生逕行下載及印出使用。,,十二、其他常見問題 教務處註冊課務組 待分派
Q170,十二、其他常見問題,我要怎麼提霸凌/性平事件申訴？,霸凌案件申訴學生可於上班時間撥打專線：(02)2236-5243進行申訴或逕自生輔組洽詢。依防治準則規範校內教職員知悉應主動通報生輔組承辦。,,十二、其他常見問題 學務處 待分派
Q171,十二、其他常見問題,學位口試校外委員有車馬費嗎？為什麼沒有？,依照本校研究生學位考試費用支給標準及原則，口委僅支領口試費，無車馬費。,,十二、其他常見問題 教務處註冊課務組 待分派 世新大學研究生論文指導費及學位考試費用支給標準
Q172,十二、其他常見問題,學校網路那麼慢、又沒有常態性開放電腦教室供學生使用，為什麼「電腦及網路通訊使用費」費用這麼高?,"電腦及網路通訊使用費並不是單一的 Wi-Fi 連線費，也不只是電腦教室使用費，而是支應整體學生學習所需的資通訊服務，例如校園網路、學生資訊系統、學習平台、教學軟體、資安防護、VPN、VDI／雲端電腦服務、電腦教室設備更新及維護等。

收費上也已依使用差異分級：有修習使用電腦專業教室課程者，因使用電腦教室設備、專業軟體及相關維護資源，收費較高；未使用電腦專業教室者，收費較低。

網路速度及電腦教室開放方式，學校會持續檢討改善。建議提供具體地點、時間、使用設備、連線方式及問題畫面，圖資處才能判斷是無線基地台訊號、尖峰負載、認證問題、設備問題或特定區域網路問題，並據以改善。",,十二、其他常見問題 圖資處 待分派
TICKET-T-20260901-0003,其他,宿舍房間發現漏水，晚上要聯絡哪個單位？,請聯絡 學務處住宿服務組 電話是0912 345-678,,其他 學務處住宿服務組 工單回覆 已解決
